{"0.5": 0.111, "0.51": 0.166, "0.52": 0.197, "0.53": 0.248, "0.54": 0.321, "0.55": 0.358, "0.56": 0.439, "0.5700000000000001": 0.5, "0.5800000000000001": 0.57, "0.5900000000000001": 0.635, "0.6000000000000001": 0.706, "0.6100000000000001": 0.774, "0.6200000000000001": 0.805, "0.6300000000000001": 0.881, "0.6400000000000001": 0.908, "0.6500000000000001": 0.933}