{"0.5": 0.021, "0.51": 0.045, "0.52": 0.073, "0.53": 0.105, "0.54": 0.131, "0.55": 0.218, "0.56": 0.318, "0.5700000000000001": 0.402, "0.5800000000000001": 0.494, "0.5900000000000001": 0.589, "0.6000000000000001": 0.691, "0.6100000000000001": 0.79, "0.6200000000000001": 0.86, "0.6300000000000001": 0.905, "0.6400000000000001": 0.932, "0.6500000000000001": 0.948}