{"0.5": 0.001, "0.51": 0.007, "0.52": 0.016, "0.53": 0.042, "0.54": 0.065, "0.55": 0.129, "0.56": 0.178, "0.5700000000000001": 0.286, "0.5800000000000001": 0.406, "0.5900000000000001": 0.519, "0.6000000000000001": 0.673, "0.6100000000000001": 0.768, "0.6200000000000001": 0.85, "0.6300000000000001": 0.893, "0.6400000000000001": 0.961, "0.6500000000000001": 0.985}