{"0.5": 0.0, "0.51": 0.001, "0.52": 0.002, "0.53": 0.008, "0.54": 0.021, "0.55": 0.048, "0.56": 0.112, "0.5700000000000001": 0.172, "0.5800000000000001": 0.329, "0.5900000000000001": 0.476, "0.6000000000000001": 0.622, "0.6100000000000001": 0.761, "0.6200000000000001": 0.842, "0.6300000000000001": 0.921, "0.6400000000000001": 0.975, "0.6500000000000001": 0.976}