{"0.5": 0.0, "0.51": 0.0, "0.52": 0.0, "0.53": 0.001, "0.54": 0.006, "0.55": 0.018, "0.56": 0.075, "0.5700000000000001": 0.161, "0.5800000000000001": 0.261, "0.5900000000000001": 0.424, "0.6000000000000001": 0.579, "0.6100000000000001": 0.788, "0.6200000000000001": 0.861, "0.6300000000000001": 0.945, "0.6400000000000001": 0.971, "0.6500000000000001": 0.99}