{"0.5": 0.0, "0.51": 0.0, "0.52": 0.0, "0.53": 0.0, "0.54": 0.001, "0.55": 0.008, "0.56": 0.027, "0.5700000000000001": 0.088, "0.5800000000000001": 0.237, "0.5900000000000001": 0.376, "0.6000000000000001": 0.591, "0.6100000000000001": 0.776, "0.6200000000000001": 0.896, "0.6300000000000001": 0.961, "0.6400000000000001": 0.984, "0.6500000000000001": 0.996}