{"0.5": 0.0, "0.51": 0.0, "0.52": 0.0, "0.53": 0.0, "0.54": 0.0, "0.55": 0.005, "0.56": 0.017, "0.5700000000000001": 0.06, "0.5800000000000001": 0.14, "0.5900000000000001": 0.353, "0.6000000000000001": 0.558, "0.6100000000000001": 0.768, "0.6200000000000001": 0.897, "0.6300000000000001": 0.967, "0.6400000000000001": 0.99, "0.6500000000000001": 0.997}